category,kind,currency,transactions,value_usd
business,Withdrawal,EUR,131,2081.99
business,Withdrawal,GBP,155,8849.71
business,Withdrawal,USD,539,17866.47
dining,Withdrawal,EUR,19989,463083.33
dining,Withdrawal,GBP,27188,643258.76
dining,Withdrawal,USD,55905,996251.23
family,Withdrawal,GBP,10,7694.200000000001
family,Withdrawal,USD,34,24334.87
finance,Fee,EUR,5475,102945.47
finance,Fee,GBP,6796,153055.61
finance,Fee,USD,15200,267711.52
finance,Transfer,EUR,2086,1609441.98
finance,Transfer,GBP,2096,1741920.22
finance,Transfer,USD,4434,3302304.36
finance,Withdrawal,EUR,3790,552426.21
finance,Withdrawal,GBP,4525,1049001.96
finance,Withdrawal,USD,9131,1525310.33
groceries,Withdrawal,EUR,24683,1162975.91
groceries,Withdrawal,GBP,30206,1728520.64
groceries,Withdrawal,USD,58606,3476138.21
health,Withdrawal,EUR,4577,288029.82
health,Withdrawal,GBP,5298,215429.45
health,Withdrawal,USD,11462,656832.28
housing,Withdrawal,EUR,1407,1558913.85
housing,Withdrawal,GBP,1665,2241366.31
housing,Withdrawal,USD,3535,3639286.21
income,Deposit,EUR,1563,7283089.19
income,Deposit,GBP,1854,10386744.15
income,Deposit,USD,4374,18490458.54
other,Withdrawal,USD,2,3310.8999999999996
shopping,Withdrawal,EUR,11962,886171.34
shopping,Withdrawal,GBP,15579,1153730.93
shopping,Withdrawal,USD,30416,2423454.75
subscriptions,Withdrawal,EUR,3502,52176.08
subscriptions,Withdrawal,GBP,3882,63396.19
subscriptions,Withdrawal,USD,8601,128955.18
telecom,Withdrawal,EUR,1142,32966.78
telecom,Withdrawal,GBP,1326,58564.45
telecom,Withdrawal,USD,2370,181867.74
transport,Withdrawal,EUR,12554,550682.38
transport,Withdrawal,GBP,15612,801088.09
transport,Withdrawal,USD,32661,1010786.03
travel,Withdrawal,EUR,5453,876709.88
travel,Withdrawal,GBP,7418,1144714.36
travel,Withdrawal,USD,14357,2438313.39
utilities,Withdrawal,EUR,590,62704.55
utilities,Withdrawal,GBP,667,74693.85
utilities,Withdrawal,USD,1394,138766.2
