customer_id,recency_days,frequency,monetary,r_score,f_score,m_score,rfm_score,segment
C0000001,1,2981,574419.37,1,4,4,9,Active
C0000002,0,2404,589588.84,1,3,5,9,Active
C0000003,1,1813,299860.1,1,2,3,6,Occasional
C0000004,0,4745,860391.91,1,5,5,11,Active
C0000005,0,2058,198670.86,1,3,2,6,Occasional
C0000006,0,4450,958827.1,1,5,5,11,Active
C0000007,0,2692,749232.7,2,4,5,11,Active
C0000008,1,1929,297036.73,1,3,3,7,Occasional
C0000009,0,2554,259705.93,2,4,3,9,Active
C0000010,1,1001,117112.49,1,1,1,3,Low Activity
C0000011,0,2603,739178.8200000001,2,4,5,11,Active
C0000012,1,1577,157239.35,1,2,2,5,Low Activity
C0000013,0,3184,751900.9400000001,2,5,5,12,Loyal
C0000014,1,611,72693.38,1,1,1,3,Low Activity
C0000015,0,3255,569351.8,2,5,4,11,Active
C0000016,2,290,22674.73,1,1,1,3,Low Activity
C0000017,2,953,113468.68000000001,1,1,1,3,Low Activity
C0000018,0,914,64875.62,2,1,1,4,Low Activity
C0000019,1,1989,213420.19,1,3,2,6,Occasional
C0000020,0,3175,676819.28,2,5,5,12,Loyal
C0000021,0,2767,486179.91,2,4,4,10,Active
C0000022,0,4723,991106.84,2,5,5,12,Loyal
C0000023,0,4296,402764.3,2,5,4,11,Active
C0000024,0,2436,219798.41,2,3,2,7,Occasional
C0000025,0,2720,364961.03,2,4,3,9,Active
C0000026,0,3148,515610.72000000003,2,4,4,10,Active
C0000027,0,1731,108664.41,2,2,1,5,Low Activity
C0000028,0,1588,232260.06,2,2,2,6,Occasional
C0000029,1,879,46142.57,1,1,1,3,Low Activity
C0000030,0,2088,300162.22000000003,2,3,3,8,Occasional
C0000031,0,2857,462944.59,2,4,4,10,Active
C0000032,0,4905,886910.96,2,5,5,12,Loyal
C0000033,0,4663,951333.6,2,5,5,12,Loyal
C0000034,0,1705,138008.8,2,2,1,5,Low Activity
C0000035,1,2472,619868.43,1,3,5,9,Active
C0000036,0,1528,192311.25,2,2,2,6,Occasional
C0000037,1,541,36809.68,1,1,1,3,Low Activity
C0000038,0,2264,160374.37,2,3,2,7,Occasional
C0000039,0,542,61108.24,2,1,1,4,Low Activity
C0000040,1,1583,265251.75,1,2,3,6,Occasional
C0000041,0,1879,226682.56,2,3,2,7,Occasional
C0000042,0,387,28755.28,2,1,1,4,Low Activity
C0000043,0,4396,595859.42,2,5,5,12,Loyal
C0000044,2,1692,279488.59,1,2,3,6,Occasional
C0000045,0,550,39188.729999999996,2,1,1,4,Low Activity
C0000046,2,1786,307562.22,1,2,3,6,Occasional
C0000047,0,69,15880.86,2,1,1,4,Low Activity
C0000048,0,4638,837719.41,2,5,5,12,Loyal
C0000049,0,1920,313656.65,2,3,3,8,Occasional
C0000050,0,4813,1101128.94,2,5,5,12,Loyal
C0000051,0,2535,335347.36,2,3,3,8,Occasional
C0000052,0,1688,180158.33,2,2,2,6,Occasional
C0000053,3,2030,171263.12,1,3,2,6,Occasional
C0000054,0,1640,120309.38,2,2,1,5,Low Activity
C0000055,0,5849,1657876.14,2,5,5,12,Loyal
C0000056,0,1878,175831.33,2,3,2,7,Occasional
C0000057,0,1524,240983.8,2,2,3,7,Occasional
C0000058,0,1746,155713.24,2,2,2,6,Occasional
C0000059,2,2428,657023.84,1,3,5,9,Active
C0000060,0,2725,417534.55,2,4,4,10,Active
C0000061,0,2678,497054.46,2,4,4,10,Active
C0000062,0,4070,816691.0,3,5,5,13,Loyal
C0000063,0,3169,554570.76,3,5,4,12,Loyal
C0000064,0,3360,516036.59,3,5,4,12,Loyal
C0000065,0,4476,734550.88,3,5,5,13,Loyal
C0000066,1,3576,205276.6,1,5,2,8,Occasional
C0000067,0,1341,142927.1,3,1,2,6,Occasional
C0000068,0,946,75393.44,3,1,1,5,Low Activity
C0000069,0,2559,305847.22,3,4,3,10,Active
C0000070,0,2614,461965.97,3,4,4,11,Active
C0000071,0,4362,959606.71,3,5,5,13,Loyal
C0000072,0,2642,385790.36,3,4,4,11,Active
C0000073,0,1514,225823.62,3,2,2,7,Occasional
C0000074,0,2798,398155.69,3,4,4,11,Active
C0000075,0,1401,160332.9,3,2,2,7,Occasional
C0000076,0,1364,220133.4,3,1,2,6,Occasional
C0000077,0,2764,329356.37,3,4,3,10,Active
C0000078,2,1763,246831.35,1,2,3,6,Occasional
C0000079,0,1853,242129.81,3,3,3,9,Active
C0000080,0,2436,314891.81,3,3,3,9,Active
C0000081,1,2655,188430.27,1,4,2,7,Occasional
C0000082,0,2599,274767.54,3,4,3,10,Active
C0000083,0,4812,932483.21,3,5,5,13,Loyal
C0000084,0,4823,1079453.71,3,5,5,13,Loyal
C0000085,0,2993,463988.68,3,4,4,11,Active
C0000086,0,2516,480061.93,3,3,4,10,Active
C0000087,2,1781,98083.49,1,2,1,4,Low Activity
C0000088,0,2718,509229.65,3,4,4,11,Active
C0000089,0,4015,870906.83,3,5,5,13,Loyal
C0000090,0,1653,250316.6,3,2,3,8,Occasional
C0000091,0,4755,1229621.38,3,5,5,13,Loyal
C0000092,0,1436,219902.6,3,2,2,7,Occasional
C0000093,0,1257,128154.35,3,1,1,5,Low Activity
C0000094,0,1792,242046.62,3,2,3,8,Occasional
C0000095,0,1451,225404.83,3,2,2,7,Occasional
C0000096,1,704,25824.88,1,1,1,3,Low Activity
C0000097,0,5185,1022893.3200000001,3,5,5,13,Loyal
C0000098,0,3084,465070.14,3,4,4,11,Active
C0000099,2,1109,106018.93000000001,1,1,1,3,Low Activity
C0000100,0,4521,417085.14,3,5,4,12,Loyal
C0000101,0,5982,802636.04,3,5,5,13,Loyal
C0000102,0,2387,299462.53,3,3,3,9,Active
C0000103,0,1906,291113.5,3,3,3,9,Active
C0000104,0,1912,254744.37,3,3,3,9,Active
C0000105,0,2713,569223.02,3,4,4,11,Active
C0000106,0,5270,323826.49,3,5,3,11,Active
C0000107,0,2027,320665.73,3,3,3,9,Active
C0000108,0,1841,150107.31,4,3,2,9,Active
C0000109,2,1496,184817.95,1,2,2,5,Low Activity
C0000110,0,2039,475810.24,4,3,4,11,Active
C0000111,0,2808,213663.43,4,4,2,10,Active
C0000112,0,1902,194679.95,4,3,2,9,Active
C0000113,0,3038,388457.02,4,4,4,12,Loyal
C0000114,0,1771,219883.67,4,2,2,8,Occasional
C0000115,1,1838,152571.73,1,2,2,5,Low Activity
C0000116,0,1776,202505.75,4,2,2,8,Occasional
C0000117,1,382,38943.71,1,1,1,3,Low Activity
C0000118,0,2474,514089.04,4,3,4,11,Active
C0000119,0,861,122430.65,4,1,1,6,Occasional
C0000120,4,829,94482.07,1,1,1,3,Low Activity
C0000121,4,800,82673.58,1,1,1,3,Low Activity
C0000122,0,5059,605869.31,4,5,5,14,High Value
C0000123,0,2325,705774.78,4,3,5,12,Loyal
C0000124,0,2143,327333.92,4,3,3,10,Active
C0000125,0,6031,1671886.86,4,5,5,14,High Value
C0000126,0,2374,426922.51,4,3,4,11,Active
C0000127,0,1815,309424.31,4,2,3,9,Active
C0000128,0,2926,583929.2,4,4,5,13,Loyal
C0000129,2,1352,129611.5,1,1,1,3,Low Activity
C0000130,1,3023,381603.51,1,4,4,9,Active
C0000131,0,1698,380168.55,4,2,4,10,Active
C0000132,1,1014,71277.31,1,1,1,3,Low Activity
C0000133,0,1383,138355.65,4,1,2,7,Occasional
C0000134,0,2853,522702.7,4,4,4,12,Loyal
C0000135,0,3027,366522.54,4,4,3,11,Active
C0000136,0,1492,271993.04,4,2,3,9,Active
C0000137,0,1025,78042.19,4,1,1,6,Occasional
C0000138,0,2355,739343.32,4,3,5,12,Loyal
C0000139,0,5933,1020638.62,4,5,5,14,High Value
C0000140,0,923,42159.32,4,1,1,6,Occasional
C0000141,0,2182,557314.8099999999,4,3,4,11,Active
C0000142,0,4658,1157778.54,4,5,5,14,High Value
C0000143,0,1463,233933.32,4,2,3,9,Active
C0000144,0,2247,276397.59,4,3,3,10,Active
C0000145,0,2856,209543.3,4,4,2,10,Active
C0000146,0,1591,184881.6,4,2,2,8,Occasional
C0000147,0,1856,234297.79,4,3,3,10,Active
C0000148,0,1918,267262.76,4,3,3,10,Active
C0000149,0,2145,191790.06,4,3,2,9,Active
C0000150,0,1121,99774.43000000001,4,1,1,6,Occasional
C0000151,0,2946,614639.68,4,4,5,13,Loyal
C0000152,0,5602,1036681.36,4,5,5,14,High Value
C0000153,0,3186,674582.88,4,5,5,14,High Value
C0000154,0,785,43782.03,4,1,1,6,Occasional
C0000155,0,1431,98068.36,4,2,1,7,Occasional
C0000156,0,3698,741899.65,5,5,5,15,High Value
C0000157,0,465,117016.5,5,1,1,7,Occasional
C0000158,0,3713,279869.69,5,5,3,13,Loyal
C0000159,0,3154,581973.06,5,4,4,13,Loyal
C0000160,0,1018,79140.67,5,1,1,7,Occasional
C0000161,0,2310,510397.35,5,3,4,12,Loyal
C0000162,0,1916,415912.34,5,3,4,12,Loyal
C0000163,0,3912,471676.76,5,5,4,14,High Value
C0000164,0,1269,91815.81,5,1,1,7,Occasional
C0000165,1,4624,939084.0,1,5,5,11,Active
C0000166,0,1579,177761.43,5,2,2,9,Active
C0000167,0,2420,549051.59,5,3,4,12,Loyal
C0000168,0,3067,687769.63,5,4,5,14,High Value
C0000169,0,3421,693624.62,5,5,5,15,High Value
C0000170,0,2785,444930.22000000003,5,4,4,13,Loyal
C0000171,0,2823,409424.57,5,4,4,13,Loyal
C0000172,0,1352,170628.54,5,1,2,8,Occasional
C0000173,0,755,67386.23,5,1,1,7,Occasional
C0000174,1,976,88993.17,1,1,1,3,Low Activity
C0000175,0,2280,403546.33,5,3,4,12,Loyal
C0000176,0,1143,183680.22,5,1,2,8,Occasional
C0000177,0,1409,161159.36,5,2,2,9,Active
C0000178,0,1712,165168.21,5,2,2,9,Active
C0000179,0,1800,309316.81,5,2,3,10,Active
C0000180,0,2162,252233.75,5,3,3,11,Active
C0000181,0,2784,493002.83,5,4,4,13,Loyal
C0000182,5,613,40005.06,1,1,1,3,Low Activity
C0000183,0,1775,204994.73,5,2,2,9,Active
C0000184,0,2589,440962.43,5,4,4,13,Loyal
C0000185,0,1465,252350.61,5,2,3,10,Active
C0000186,0,2618,489954.22,5,4,4,13,Loyal
C0000187,0,2851,227879.84,5,4,2,11,Active
C0000188,0,4244,619655.6,5,5,5,15,High Value
C0000189,3,465,47455.15,1,1,1,3,Low Activity
C0000190,0,1574,183340.86000000002,5,2,2,9,Active
C0000191,0,1955,255507.22,5,3,3,11,Active
C0000192,0,944,123593.11,5,1,1,7,Occasional
C0000193,0,4569,526959.27,5,5,4,14,High Value
C0000194,0,2555,354897.11,5,4,3,12,Loyal
C0000195,0,406,25802.46,5,1,1,7,Occasional
C0000196,0,1819,219538.24,5,2,2,9,Active
C0000197,0,1558,239912.48,5,2,3,10,Active
C0000198,0,2916,442638.06,5,4,4,13,Loyal
C0000199,2,687,37748.78,1,1,1,3,Low Activity
C0000200,0,2930,297527.0,5,4,3,12,Loyal
