month,kind,currency,transactions,value_usd
2023-10,Deposit,EUR,40,173461.62
2023-10,Deposit,GBP,54,265813.63
2023-10,Deposit,USD,106,420018.25
2023-10,Fee,EUR,7,103.03
2023-10,Fee,GBP,13,270.98
2023-10,Fee,USD,42,681.72
2023-10,Transfer,EUR,54,45622.799999999996
2023-10,Transfer,GBP,56,44380.44
2023-10,Transfer,USD,122,83936.8
2023-10,Withdrawal,EUR,2917,148117.22
2023-10,Withdrawal,GBP,3542,206328.97
2023-10,Withdrawal,USD,7670,407623.48
2023-11,Deposit,EUR,48,227605.21
2023-11,Deposit,GBP,47,242064.32
2023-11,Deposit,USD,121,464836.01
2023-11,Fee,EUR,35,648.51
2023-11,Fee,GBP,71,1602.72
2023-11,Fee,USD,153,2555.5
2023-11,Transfer,EUR,54,44343.8
2023-11,Transfer,GBP,56,42080.6
2023-11,Transfer,USD,122,87107.96
2023-11,Withdrawal,EUR,3102,191865.2
2023-11,Withdrawal,GBP,3735,280363.76
2023-11,Withdrawal,USD,8051,522389.95
2023-12,Deposit,EUR,38,182740.21
2023-12,Deposit,GBP,49,262195.06
2023-12,Deposit,USD,117,474794.02999999997
2023-12,Fee,EUR,55,955.8100000000001
2023-12,Fee,GBP,101,2295.98
2023-12,Fee,USD,214,3722.87
2023-12,Transfer,EUR,54,49446.96
2023-12,Transfer,GBP,56,39351.74
2023-12,Transfer,USD,122,87672.14
2023-12,Withdrawal,EUR,3042,200159.99
2023-12,Withdrawal,GBP,3383,266218.29
2023-12,Withdrawal,USD,7297,491608.32
2024-01,Deposit,EUR,42,199110.18
2024-01,Deposit,GBP,54,279985.82
2024-01,Deposit,USD,127,544320.95
2024-01,Fee,EUR,80,1532.95
2024-01,Fee,GBP,105,2277.27
2024-01,Fee,USD,238,4020.57
2024-01,Transfer,EUR,54,43386.159999999996
2024-01,Transfer,GBP,56,40347.46
2024-01,Transfer,USD,122,85950.28
2024-01,Withdrawal,EUR,2851,180878.97
2024-01,Withdrawal,GBP,3462,262012.49
2024-01,Withdrawal,USD,7041,475016.63
2024-02,Deposit,EUR,43,198529.27
2024-02,Deposit,GBP,46,252547.72999999998
2024-02,Deposit,USD,120,504564.3
2024-02,Fee,EUR,85,1625.57
2024-02,Fee,GBP,126,2840.27
2024-02,Fee,USD,309,5285.77
2024-02,Transfer,EUR,54,44234.34
2024-02,Transfer,GBP,56,46126.94
2024-02,Transfer,USD,122,83714.06
2024-02,Withdrawal,EUR,2511,168271.51
2024-02,Withdrawal,GBP,2779,217383.97
2024-02,Withdrawal,USD,6370,460953.81
2024-03,Deposit,EUR,43,211925.4
2024-03,Deposit,GBP,49,280693.27
2024-03,Deposit,USD,125,527009.65
2024-03,Fee,EUR,112,2051.85
2024-03,Fee,GBP,127,2862.79
2024-03,Fee,USD,299,5198.64
2024-03,Transfer,EUR,54,51792.62
2024-03,Transfer,GBP,56,47745.12
2024-03,Transfer,USD,122,93198.1
2024-03,Withdrawal,EUR,2956,188157.35
2024-03,Withdrawal,GBP,3333,248039.35
2024-03,Withdrawal,USD,6907,476550.68
2024-04,Deposit,EUR,40,181388.96
2024-04,Deposit,GBP,49,296878.45
2024-04,Deposit,USD,115,478717.89
2024-04,Fee,EUR,118,2195.13
2024-04,Fee,GBP,162,3585.87
2024-04,Fee,USD,326,5668.74
2024-04,Transfer,EUR,60,46768.56
2024-04,Transfer,GBP,58,48088.28
2024-04,Transfer,USD,122,89445.81999999999
2024-04,Withdrawal,EUR,2559,172492.83
2024-04,Withdrawal,GBP,3063,237960.28
2024-04,Withdrawal,USD,6455,436030.82
2024-05,Deposit,EUR,43,213130.0
2024-05,Deposit,GBP,48,294047.76
2024-05,Deposit,USD,131,514865.29
2024-05,Fee,EUR,131,2356.04
2024-05,Fee,GBP,163,3572.8
2024-05,Fee,USD,328,5729.9
2024-05,Transfer,EUR,60,48930.64
2024-05,Transfer,GBP,60,45000.86
2024-05,Transfer,USD,120,86231.76
2024-05,Withdrawal,EUR,2638,175241.62
2024-05,Withdrawal,GBP,3204,243033.49
2024-05,Withdrawal,USD,6827,454221.76
2024-06,Deposit,EUR,41,193541.77
2024-06,Deposit,GBP,48,253077.17
2024-06,Deposit,USD,127,531489.54
2024-06,Fee,EUR,138,2457.55
2024-06,Fee,GBP,160,3536.93
2024-06,Fee,USD,378,6528.8
2024-06,Transfer,EUR,60,39252.1
2024-06,Transfer,GBP,62,45232.479999999996
2024-06,Transfer,USD,120,84974.86
2024-06,Withdrawal,EUR,2354,186571.37
2024-06,Withdrawal,GBP,2902,237984.74
2024-06,Withdrawal,USD,6333,453897.52
2024-07,Deposit,EUR,47,213280.4
2024-07,Deposit,GBP,47,270180.41
2024-07,Deposit,USD,123,500684.09
2024-07,Fee,EUR,153,2869.76
2024-07,Fee,GBP,168,3651.5099999999998
2024-07,Fee,USD,325,5721.35
2024-07,Transfer,EUR,60,42836.26
2024-07,Transfer,GBP,62,44704.02
2024-07,Transfer,USD,120,86410.92
2024-07,Withdrawal,EUR,2558,189110.15
2024-07,Withdrawal,GBP,3002,248479.71
2024-07,Withdrawal,USD,6590,492819.86
2024-08,Deposit,EUR,42,187237.88
2024-08,Deposit,GBP,47,286579.85
2024-08,Deposit,USD,125,464220.7
2024-08,Fee,EUR,161,3073.73
2024-08,Fee,GBP,184,4087.19
2024-08,Fee,USD,359,6336.46
2024-08,Transfer,EUR,60,48744.52
2024-08,Transfer,GBP,62,49972.78
2024-08,Transfer,USD,120,84994.56
2024-08,Withdrawal,EUR,2231,172382.53
2024-08,Withdrawal,GBP,3084,241327.56
2024-08,Withdrawal,USD,6254,451803.97
2024-09,Deposit,EUR,48,218774.48
2024-09,Deposit,GBP,58,288132.07
2024-09,Deposit,USD,130,491787.91
2024-09,Fee,EUR,152,2867.21
2024-09,Fee,GBP,178,4096.94
2024-09,Fee,USD,409,7205.98
2024-09,Transfer,EUR,60,42097.8
2024-09,Transfer,GBP,58,53825.36
2024-09,Transfer,USD,122,84191.34
2024-09,Withdrawal,EUR,2298,172173.14
2024-09,Withdrawal,GBP,3031,266744.86
2024-09,Withdrawal,USD,5777,430668.85
2024-10,Deposit,EUR,45,206907.28
2024-10,Deposit,GBP,53,320376.82
2024-10,Deposit,USD,127,476677.37
2024-10,Fee,EUR,156,2817.7400000000002
2024-10,Fee,GBP,173,3804.09
2024-10,Fee,USD,410,7249.08
2024-10,Transfer,EUR,60,49677.46
2024-10,Transfer,GBP,60,52754.66
2024-10,Transfer,USD,122,76463.24
2024-10,Withdrawal,EUR,2441,177503.73
2024-10,Withdrawal,GBP,3183,236821.56
2024-10,Withdrawal,USD,6388,437547.37
2024-11,Deposit,EUR,42,190725.73
2024-11,Deposit,GBP,49,250617.03
2024-11,Deposit,USD,110,450729.73
2024-11,Fee,EUR,162,3006.73
2024-11,Fee,GBP,188,4260.34
2024-11,Fee,USD,414,7229.2
2024-11,Transfer,EUR,60,51146.76
2024-11,Transfer,GBP,60,51067.14
2024-11,Transfer,USD,122,85755.16
2024-11,Withdrawal,EUR,2236,165930.04
2024-11,Withdrawal,GBP,2818,237588.6
2024-11,Withdrawal,USD,5805,403495.79
2024-12,Deposit,EUR,45,222275.49
2024-12,Deposit,GBP,53,293150.49
2024-12,Deposit,USD,119,508173.27999999997
2024-12,Fee,EUR,147,2752.04
2024-12,Fee,GBP,190,4396.33
2024-12,Fee,USD,431,7617.24
2024-12,Transfer,EUR,60,48691.74
2024-12,Transfer,GBP,60,44553.92
2024-12,Transfer,USD,120,88277.22
2024-12,Withdrawal,EUR,2539,197583.0
2024-12,Withdrawal,GBP,3302,263265.39
2024-12,Withdrawal,USD,6347,454032.64
2025-01,Deposit,EUR,43,220383.48
2025-01,Deposit,GBP,49,261772.05
2025-01,Deposit,USD,121,523692.05
2025-01,Fee,EUR,159,3028.34
2025-01,Fee,GBP,185,4150.95
2025-01,Fee,USD,439,7710.09
2025-01,Transfer,EUR,60,50989.26
2025-01,Transfer,GBP,58,50926.36
2025-01,Transfer,USD,120,92844.66
2025-01,Withdrawal,EUR,2503,177456.06
2025-01,Withdrawal,GBP,3137,254239.98
2025-01,Withdrawal,USD,6280,445435.24
2025-02,Deposit,EUR,51,227653.39
2025-02,Deposit,GBP,51,293494.8
2025-02,Deposit,USD,109,471344.49
2025-02,Fee,EUR,165,3046.08
2025-02,Fee,GBP,190,4228.26
2025-02,Fee,USD,421,7447.74
2025-02,Transfer,EUR,60,44190.0
2025-02,Transfer,GBP,58,48281.46
2025-02,Transfer,USD,124,94212.58
2025-02,Withdrawal,EUR,2161,185599.34
2025-02,Withdrawal,GBP,2698,245446.75
2025-02,Withdrawal,USD,5098,386799.3
2025-03,Deposit,EUR,40,188435.15
2025-03,Deposit,GBP,62,354920.21
2025-03,Deposit,USD,111,486162.76
2025-03,Fee,EUR,155,2901.93
2025-03,Fee,GBP,164,3644.7999999999997
2025-03,Fee,USD,424,7365.45
2025-03,Transfer,EUR,58,45440.18
2025-03,Transfer,GBP,56,52317.74
2025-03,Transfer,USD,122,101274.64
2025-03,Withdrawal,EUR,2687,192990.78
2025-03,Withdrawal,GBP,3551,283616.42
2025-03,Withdrawal,USD,6538,457229.54
2025-04,Deposit,EUR,44,203979.6
2025-04,Deposit,GBP,50,278298.55
2025-04,Deposit,USD,118,499681.33
2025-04,Fee,EUR,167,3067.85
2025-04,Fee,GBP,195,4341.46
2025-04,Fee,USD,444,7707.02
2025-04,Transfer,EUR,58,40042.38
2025-04,Transfer,GBP,56,47604.32
2025-04,Transfer,USD,122,91481.3
2025-04,Withdrawal,EUR,2335,162468.97
2025-04,Withdrawal,GBP,3185,255902.17
2025-04,Withdrawal,USD,6007,424988.74
2025-05,Deposit,EUR,45,228812.37
2025-05,Deposit,GBP,50,301186.22
2025-05,Deposit,USD,115,543163.51
2025-05,Fee,EUR,152,2797.2400000000002
2025-05,Fee,GBP,203,4491.7
2025-05,Fee,USD,457,7982.41
2025-05,Transfer,EUR,58,42037.94
2025-05,Transfer,GBP,56,52555.88
2025-05,Transfer,USD,122,93720.94
2025-05,Withdrawal,EUR,2492,176873.21
2025-05,Withdrawal,GBP,3235,257600.62
2025-05,Withdrawal,USD,5976,445212.2
2025-06,Deposit,EUR,43,199224.1
2025-06,Deposit,GBP,53,317022.55
2025-06,Deposit,USD,114,494593.33
2025-06,Fee,EUR,167,3230.9500000000003
2025-06,Fee,GBP,207,4610.79
2025-06,Fee,USD,453,7969.39
2025-06,Transfer,EUR,58,40406.3
2025-06,Transfer,GBP,56,52465.880000000005
2025-06,Transfer,USD,122,93636.12
2025-06,Withdrawal,EUR,2319,168882.34
2025-06,Withdrawal,GBP,2863,242620.79
2025-06,Withdrawal,USD,5673,424422.47
2025-07,Deposit,EUR,44,190056.96
2025-07,Deposit,GBP,54,299475.19
2025-07,Deposit,USD,108,506226.72
2025-07,Fee,EUR,175,3355.44
2025-07,Fee,GBP,193,4437.62
2025-07,Fee,USD,449,7996.05
2025-07,Transfer,EUR,58,41489.34
2025-07,Transfer,GBP,58,48898.76
2025-07,Transfer,USD,124,91917.82
2025-07,Withdrawal,EUR,2448,188722.55
2025-07,Withdrawal,GBP,3126,265303.04
2025-07,Withdrawal,USD,6126,487268.92
2025-08,Deposit,EUR,44,194413.34
2025-08,Deposit,GBP,51,285850.32
2025-08,Deposit,USD,125,508273.16
2025-08,Fee,EUR,175,3333.01
2025-08,Fee,GBP,194,4354.85
2025-08,Fee,USD,510,8935.39
2025-08,Transfer,EUR,58,44130.34
2025-08,Transfer,GBP,58,44318.68
2025-08,Transfer,USD,124,95492.12
2025-08,Withdrawal,EUR,2382,185564.55
2025-08,Withdrawal,GBP,3132,265963.15
2025-08,Withdrawal,USD,5765,460289.12
2025-09,Deposit,EUR,43,202490.47
2025-09,Deposit,GBP,54,275748.11
2025-09,Deposit,USD,129,502311.6
2025-09,Fee,EUR,192,3654.01
2025-09,Fee,GBP,239,5428.17
2025-09,Fee,USD,530,9416.52
2025-09,Transfer,EUR,58,41352.04
2025-09,Transfer,GBP,58,51468.36
2025-09,Transfer,USD,126,93387.12
2025-09,Withdrawal,EUR,2177,169979.83000000002
2025-09,Withdrawal,GBP,2890,241142.71
2025-09,Withdrawal,USD,5798,455593.77999999997
2025-10,Deposit,EUR,40,193540.9
2025-10,Deposit,GBP,58,282228.72000000003
2025-10,Deposit,USD,136,564538.94
2025-10,Fee,EUR,166,3053.05
2025-10,Fee,GBP,219,4944.33
2025-10,Fee,USD,504,8973.84
2025-10,Transfer,EUR,58,41142.04
2025-10,Transfer,GBP,58,51442.24
2025-10,Transfer,USD,126,96459.52
2025-10,Withdrawal,EUR,2390,170313.26
2025-10,Withdrawal,GBP,3234,244883.06
2025-10,Withdrawal,USD,6206,435425.78
2025-11,Deposit,EUR,43,188511.04
2025-11,Deposit,GBP,56,311954.28
2025-11,Deposit,USD,131,533562.39
2025-11,Fee,EUR,169,3230.2200000000003
2025-11,Fee,GBP,225,5139.36
2025-11,Fee,USD,520,9170.8
2025-11,Transfer,EUR,58,45291.66
2025-11,Transfer,GBP,58,44649.24
2025-11,Transfer,USD,126,95701.36
2025-11,Withdrawal,EUR,2294,162337.24
2025-11,Withdrawal,GBP,3011,241420.32
2025-11,Withdrawal,USD,6062,429892.35
2025-12,Deposit,EUR,41,188550.78
2025-12,Deposit,GBP,50,329716.61
2025-12,Deposit,USD,119,511211.21
2025-12,Fee,EUR,160,3027.9300000000003
2025-12,Fee,GBP,234,5319.69
2025-12,Fee,USD,507,8972.18
2025-12,Transfer,EUR,58,45808.24
2025-12,Transfer,GBP,58,47658.88
2025-12,Transfer,USD,126,97146.74
2025-12,Withdrawal,EUR,2563,189274.71
2025-12,Withdrawal,GBP,3283,267168.77999999997
2025-12,Withdrawal,USD,6176,472360.62
2026-01,Deposit,EUR,39,182087.1
2026-01,Deposit,GBP,53,314506.58
2026-01,Deposit,USD,133,564817.93
2026-01,Fee,EUR,186,3576.25
2026-01,Fee,GBP,239,5465.97
2026-01,Fee,USD,497,8806.58
2026-01,Transfer,EUR,58,37859.08
2026-01,Transfer,GBP,58,48563.54
2026-01,Transfer,USD,126,101812.7
2026-01,Withdrawal,EUR,2467,171990.5
2026-01,Withdrawal,GBP,3215,260626.34
2026-01,Withdrawal,USD,6527,470863.5
2026-02,Deposit,EUR,46,218770.21
2026-02,Deposit,GBP,50,301298.18
2026-02,Deposit,USD,118,552151.02
2026-02,Fee,EUR,203,3860.19
2026-02,Fee,GBP,245,5609.82
2026-02,Fee,USD,527,9360.92
2026-02,Transfer,EUR,58,43227.54
2026-02,Transfer,GBP,58,51015.82
2026-02,Transfer,USD,126,99040.0
2026-02,Withdrawal,EUR,1954,167313.54
2026-02,Withdrawal,GBP,2710,229847.54
2026-02,Withdrawal,USD,5327,420642.94
2026-03,Deposit,EUR,46,212336.27
2026-03,Deposit,GBP,57,320602.66
2026-03,Deposit,USD,115,528939.09
2026-03,Fee,EUR,180,3377.1800000000003
2026-03,Fee,GBP,214,4819.28
2026-03,Fee,USD,486,8708.73
2026-03,Transfer,EUR,58,44029.44
2026-03,Transfer,GBP,58,57508.52
2026-03,Transfer,USD,126,101230.12
2026-03,Withdrawal,EUR,2660,186178.45
2026-03,Withdrawal,GBP,3379,274578.71
2026-03,Withdrawal,USD,6791,496467.35
2026-04,Deposit,EUR,43,186831.61
2026-04,Deposit,GBP,52,284441.68
2026-04,Deposit,USD,122,519402.79
2026-04,Fee,EUR,176,3352.5
2026-04,Fee,GBP,234,5324.94
2026-04,Fee,USD,528,9310.45
2026-04,Transfer,EUR,58,42235.98
2026-04,Transfer,GBP,58,51485.08
2026-04,Transfer,USD,126,92035.22
2026-04,Withdrawal,EUR,2385,172398.96
2026-04,Withdrawal,GBP,3118,259018.33
2026-04,Withdrawal,USD,6181,455118.04
2026-05,Deposit,EUR,44,203522.61
2026-05,Deposit,GBP,46,260311.03
2026-05,Deposit,USD,119,550230.09
2026-05,Fee,EUR,200,3767.3
2026-05,Fee,GBP,245,5518.0
2026-05,Fee,USD,541,9538.84
2026-05,Transfer,EUR,58,44136.64
2026-05,Transfer,GBP,58,47105.4
2026-05,Transfer,USD,126,100478.28
2026-05,Withdrawal,EUR,2461,175238.04
2026-05,Withdrawal,GBP,3189,258774.4
2026-05,Withdrawal,USD,6551,476771.17
2026-06,Deposit,EUR,50,238988.85
2026-06,Deposit,GBP,52,286415.25
2026-06,Deposit,USD,120,556882.7
2026-06,Fee,EUR,189,3555.13
2026-06,Fee,GBP,262,5895.37
2026-06,Fee,USD,559,10091.89
2026-06,Transfer,EUR,58,44090.479999999996
2026-06,Transfer,GBP,60,48577.1
2026-06,Transfer,USD,126,93445.06
2026-06,Withdrawal,EUR,2279,179821.97
2026-06,Withdrawal,GBP,3094,250270.44
2026-06,Withdrawal,USD,5872,464350.22
2026-07,Deposit,EUR,45,217839.52
2026-07,Deposit,GBP,50,288435.71
2026-07,Deposit,USD,124,565932.09
2026-07,Fee,EUR,203,3919.86
2026-07,Fee,GBP,251,5716.59
2026-07,Fee,USD,546,9771.06
2026-07,Transfer,EUR,58,43319.78
2026-07,Transfer,GBP,60,53417.62
2026-07,Transfer,USD,124,96599.74
2026-07,Withdrawal,EUR,2304,172503.29
2026-07,Withdrawal,GBP,3007,266511.99
2026-07,Withdrawal,USD,6064,493315.98
2026-08,Deposit,EUR,39,181605.88999999998
2026-08,Deposit,GBP,51,300504.26
2026-08,Deposit,USD,124,551079.34
2026-08,Fee,EUR,192,3668.9
2026-08,Fee,GBP,273,6187.0199999999995
2026-08,Fee,USD,555,9780.14
2026-08,Transfer,EUR,58,45631.4
2026-08,Transfer,GBP,60,45827.84
2026-08,Transfer,USD,124,94103.14
2026-08,Withdrawal,EUR,2382,187864.65
2026-08,Withdrawal,GBP,2767,254865.89
2026-08,Withdrawal,USD,6118,510779.45
2026-09,Deposit,EUR,43,194421.67
2026-09,Deposit,GBP,54,302221.31
2026-09,Deposit,USD,131,583777.8
2026-09,Fee,EUR,220,4215.81
2026-09,Fee,GBP,244,5509.63
2026-09,Fee,USD,580,10298.13
2026-09,Transfer,EUR,58,45619.4
2026-09,Transfer,GBP,60,50599.7
2026-09,Transfer,USD,126,97960.95999999999
2026-09,Withdrawal,EUR,2149,174845.82
2026-09,Withdrawal,GBP,2904,251273.44
2026-09,Withdrawal,USD,5814,474012.33
2026-10,Deposit,USD,9,19595.21
2026-10,Fee,EUR,32,612.65
2026-10,Fee,GBP,32,775.0
2026-10,Fee,USD,88,1646.08
2026-10,Withdrawal,EUR,755,83865.41
2026-10,Withdrawal,GBP,980,125681.01
2026-10,Withdrawal,USD,1951,225573.3
